<?xml version="1.0" encoding="utf-8" standalone="yes" ?>
<rss version="2.0" xmlns:atom="http://www.w3.org/2005/Atom">
  <channel>
    <title>Categories on Pennydropper - Lightbulb moments in Data Science</title>
    <link>https://pennydropper.netlify.com/categories/</link>
    <description>Recent content in Categories on Pennydropper - Lightbulb moments in Data Science</description>
    <generator>Hugo -- gohugo.io</generator>
    <language>en_us</language>
    
	<atom:link href="https://pennydropper.netlify.com/categories/index.xml" rel="self" type="application/rss+xml" />
    
    
    <item>
      <title>Personal</title>
      <link>https://pennydropper.netlify.com/categories/personal/</link>
      <pubDate>Sat, 06 Jan 2018 00:00:00 +0000</pubDate>
      
      <guid>https://pennydropper.netlify.com/categories/personal/</guid>
      <description></description>
    </item>
    
    <item>
      <title>R</title>
      <link>https://pennydropper.netlify.com/categories/r/</link>
      <pubDate>Sat, 06 Jan 2018 00:00:00 +0000</pubDate>
      
      <guid>https://pennydropper.netlify.com/categories/r/</guid>
      <description></description>
    </item>
    
  </channel>
</rss>