<?xml version="1.0" encoding="utf-8" standalone="yes" ?>
<rss version="2.0" xmlns:atom="http://www.w3.org/2005/Atom">
  <channel>
    <title>Loess on My New Hugo Site</title>
    <link>http://example.org/tags/loess/</link>
    <description>Recent content in Loess on My New Hugo Site</description>
    <generator>Hugo -- gohugo.io</generator>
    <language>en-us</language>
    <lastBuildDate>Sat, 06 Jan 2018 00:00:00 +0000</lastBuildDate>
    
	<atom:link href="http://example.org/tags/loess/index.xml" rel="self" type="application/rss+xml" />
    
    
    <item>
      <title>Weighing up the data</title>
      <link>http://example.org/post/weighing-up-the-data/</link>
      <pubDate>Sat, 06 Jan 2018 00:00:00 +0000</pubDate>
      
      <guid>http://example.org/post/weighing-up-the-data/</guid>
      <description>library(tidyverse) ## ── Attaching packages ────────────────────────────────── tidyverse 1.2.1 ── ## ✔ ggplot2 2.2.1 ✔ purrr 0.2.4 ## ✔ tibble 1.3.4 ✔ dplyr 0.7.4 ## ✔ tidyr 0.7.2 ✔ stringr 1.2.0 ## ✔ readr 1.1.1 ✔ forcats 0.2.0 ## ── Conflicts ───────────────────────────────────── tidyverse_conflicts() ── ## ✖ dplyr::filter() masks stats::filter() ## ✖ dplyr::lag() masks stats::lag() library(forcats) library(lubridate) ## ## Attaching package: &amp;#39;lubridate&amp;#39; ## The following object is masked from &amp;#39;package:base&amp;#39;: ## ## date library(modelr) # to perform modelling library(ggridges) # Ridgeline plots data = &amp;#39;.</description>
    </item>
    
  </channel>
</rss>