<?xml version="1.0" encoding="utf-8" standalone="yes" ?>
<rss version="2.0" xmlns:atom="http://www.w3.org/2005/Atom">
  <channel>
    <title>Tags on My New Hugo Site</title>
    <link>http://example.org/tags/</link>
    <description>Recent content in Tags on My New Hugo Site</description>
    <generator>Hugo -- gohugo.io</generator>
    <language>en-us</language>
    <lastBuildDate>Sat, 06 Jan 2018 00:00:00 +0000</lastBuildDate>
    
	<atom:link href="http://example.org/tags/index.xml" rel="self" type="application/rss+xml" />
    
    
    <item>
      <title>Loess</title>
      <link>http://example.org/tags/loess/</link>
      <pubDate>Sat, 06 Jan 2018 00:00:00 +0000</pubDate>
      
      <guid>http://example.org/tags/loess/</guid>
      <description></description>
    </item>
    
    <item>
      <title>Plot</title>
      <link>http://example.org/tags/plot/</link>
      <pubDate>Thu, 23 Jul 2015 21:13:14 -0500</pubDate>
      
      <guid>http://example.org/tags/plot/</guid>
      <description></description>
    </item>
    
    <item>
      <title>R Markdown</title>
      <link>http://example.org/tags/r-markdown/</link>
      <pubDate>Thu, 23 Jul 2015 21:13:14 -0500</pubDate>
      
      <guid>http://example.org/tags/r-markdown/</guid>
      <description></description>
    </item>
    
    <item>
      <title>Regression</title>
      <link>http://example.org/tags/regression/</link>
      <pubDate>Sat, 06 Jan 2018 00:00:00 +0000</pubDate>
      
      <guid>http://example.org/tags/regression/</guid>
      <description></description>
    </item>
    
  </channel>
</rss>