<?xml version="1.0" encoding="utf-8" standalone="yes" ?>
<rss version="2.0" xmlns:atom="http://www.w3.org/2005/Atom">
  <channel>
    <title>R on Pennydropper - Lightbulb moments in Data Science</title>
    <link>https://pennydropper.netlify.com/categories/r/</link>
    <description>Recent content in R on Pennydropper - Lightbulb moments in Data Science</description>
    <generator>Hugo -- gohugo.io</generator>
    <language>en_us</language>
    <lastBuildDate>Sat, 06 Jan 2018 00:00:00 +0000</lastBuildDate>
    
	<atom:link href="https://pennydropper.netlify.com/categories/r/index.xml" rel="self" type="application/rss+xml" />
    
    
    <item>
      <title>Weighing up the data</title>
      <link>https://pennydropper.netlify.com/2018/01/06/weighing-up-the-data/</link>
      <pubDate>Sat, 06 Jan 2018 00:00:00 +0000</pubDate>
      
      <guid>https://pennydropper.netlify.com/2018/01/06/weighing-up-the-data/</guid>
      <description>library(tidyverse) ## ── Attaching packages ────────────────────────────────── tidyverse 1.2.1 ── ## ✔ ggplot2 2.2.1 ✔ purrr 0.2.4 ## ✔ tibble 1.3.4 ✔ dplyr 0.7.4 ## ✔ tidyr 0.7.2 ✔ stringr 1.2.0 ## ✔ readr 1.1.1 ✔ forcats 0.2.0 ## ── Conflicts ───────────────────────────────────── tidyverse_conflicts() ── ## ✖ dplyr::filter() masks stats::filter() ## ✖ dplyr::lag() masks stats::lag() library(forcats) library(lubridate) ## ## Attaching package: &amp;#39;lubridate&amp;#39; ## The following object is masked from &amp;#39;package:base&amp;#39;: ## ## date library(modelr) # to perform modelling library(ggridges) # Ridgeline plots data = &amp;#39;.</description>
    </item>
    
    <item>
      <title>Hello R Markdown</title>
      <link>https://pennydropper.netlify.com/2015/07/23/hello-r-markdown/</link>
      <pubDate>Thu, 23 Jul 2015 21:13:14 -0500</pubDate>
      
      <guid>https://pennydropper.netlify.com/2015/07/23/hello-r-markdown/</guid>
      <description>R Markdown This is an R Markdown document. Markdown is a simple formatting syntax for authoring HTML, PDF, and MS Word documents. For more details on using R Markdown see http://rmarkdown.rstudio.com.
You can embed an R code chunk like this:
summary(cars) ## speed dist ## Min. : 4.0 Min. : 2.00 ## 1st Qu.:12.0 1st Qu.: 26.00 ## Median :15.0 Median : 36.00 ## Mean :15.4 Mean : 42.98 ## 3rd Qu.</description>
    </item>
    
  </channel>
</rss>